Date,Nom de l'entraînement,Durée,Nom de l'exercice,Ordre de la série,Poids,Réps,Distance,Secondes,Notes,Notes d'entraînement,RPE
2023-08-16 13:10:30,"Pecs Et Dos",35min,"Aerobics",1,0,0,0,600,"","",
2023-08-16 13:10:30,"Pecs Et Dos",35min,"Bench Press (Dumbbell)",1,20.0,8,0,0,"",,
2023-08-16 13:10:30,"Pecs Et Dos",35min,"Bench Press (Dumbbell)",2,25.0,8,0,0,,,
2023-08-16 13:10:30,"Pecs Et Dos",35min,"Bench Press (Dumbbell)",3,30.0,5,0,0,,,
2023-08-16 13:10:30,"Pecs Et Dos",35min,"Bench Press (Dumbbell)",4,25.0,7,0,0,,,
2023-08-16 13:10:30,"Pecs Et Dos",35min,"Incline Bench Press (Barbell)",1,20.0,8,0,0,"",,
2023-08-16 13:10:30,"Pecs Et Dos",35min,"Incline Bench Press (Barbell)",2,25.0,8,0,0,,,
2023-08-16 13:10:30,"Pecs Et Dos",35min,"Incline Bench Press (Barbell)",3,30.0,5,0,0,,,
2023-08-16 13:10:30,"Pecs Et Dos",35min,"Incline Bench Press (Barbell)",4,25.0,6,0,0,,,
2023-08-16 13:10:30,"Pecs Et Dos",35min,"Seated Row (Machine)",1,27.0,8,0,0,"",,
2023-08-16 13:10:30,"Pecs Et Dos",35min,"Seated Row (Machine)",2,32.0,8,0,0,,,
2023-08-16 13:10:30,"Pecs Et Dos",35min,"Seated Row (Machine)",3,36.0,8,0,0,,,
2023-08-16 13:10:30,"Pecs Et Dos",35min,"Chest Fly",1,32.0,8,0,0,"",,
2023-08-16 13:10:30,"Pecs Et Dos",35min,"Chest Fly",2,39.0,8,0,0,,,
2023-08-16 13:10:30,"Pecs Et Dos",35min,"Chest Fly",3,32.0,8,0,0,,,
2023-08-16 13:10:30,"Pecs Et Dos",35min,"Preacher Curl (Machine)",1,15.0,10,0,0,"",,
2023-08-16 13:10:30,"Pecs Et Dos",35min,"Preacher Curl (Machine)",2,20.0,10,0,0,,,
2023-08-16 13:10:30,"Pecs Et Dos",35min,"Preacher Curl (Machine)",3,20.0,10,0,0,,,
2023-08-18 13:01:21,"Jambes",30min,"Calf Press on Leg Press",1,75.0,8,0,0,"","",
2023-08-18 13:01:21,"Jambes",30min,"Calf Press on Leg Press",2,95.0,8,0,0,,,
2023-08-18 13:01:21,"Jambes",30min,"Calf Press on Leg Press",3,115.0,8,0,0,,,
2023-08-18 13:01:21,"Jambes",30min,"Calf Press on Leg Press",4,135.0,8,0,0,,,
2023-08-18 13:01:21,"Jambes",30min,"Calf Press on Leg Press",5,135.0,8,0,0,,,
2023-08-18 13:01:21,"Jambes",30min,"Bicep Curl (Dumbbell)",1,7.0,8,0,0,"",,
2023-08-18 13:01:21,"Jambes",30min,"Bicep Curl (Dumbbell)",2,8.0,8,0,0,,,
2023-08-18 13:01:21,"Jambes",30min,"Bicep Curl (Dumbbell)",3,8.0,8,0,0,,,
2023-08-18 13:01:21,"Jambes",30min,"Bicep Curl (Dumbbell)",4,7.0,8,0,0,,,
2023-08-18 13:01:21,"Jambes",30min,"Skullcrusher (Barbell)",1,10.0,8,0,0,"",,
2023-08-18 13:01:21,"Jambes",30min,"Skullcrusher (Barbell)",2,15.0,8,0,0,,,
2023-08-18 13:01:21,"Jambes",30min,"Skullcrusher (Barbell)",3,15.0,5,0,0,,,
2023-08-18 13:01:21,"Jambes",30min,"Skullcrusher (Barbell)",4,10.0,8,0,0,,,
2023-08-18 13:01:21,"Jambes",30min,"Skullcrusher (Barbell)",5,10.0,9,0,0,,,
2023-08-18 13:01:21,"Jambes",30min,"Arnold Press (Dumbbell)",1,10.0,8,0,0,"",,
2023-08-18 13:01:21,"Jambes",30min,"Arnold Press (Dumbbell)",2,10.0,7,0,0,,,
2023-08-18 13:01:21,"Jambes",30min,"Lateral Raise (Dumbbell)",1,6.0,10,0,0,"",,
2023-08-18 13:01:21,"Jambes",30min,"Lateral Raise (Dumbbell)",2,6.0,8,0,0,,,
2023-08-22 13:05:24,"Pecs Et Dos",39min,"Aerobics",1,0,0,0,600,"","",
2023-08-22 13:05:24,"Pecs Et Dos",39min,"Bench Press (Dumbbell)",1,20.0,8,0,0,"",,
2023-08-22 13:05:24,"Pecs Et Dos",39min,"Bench Press (Dumbbell)",2,30.0,8,0,0,,,
2023-08-22 13:05:24,"Pecs Et Dos",39min,"Bench Press (Dumbbell)",3,40.0,5,0,0,,,
2023-08-22 13:05:24,"Pecs Et Dos",39min,"Bench Press (Dumbbell)",4,35.0,8,0,0,,,
2023-08-22 13:05:24,"Pecs Et Dos",39min,"Bench Press (Dumbbell)",5,40.0,4,0,0,,,
2023-08-22 13:05:24,"Pecs Et Dos",39min,"Incline Bench Press (Barbell)",1,20.0,8,0,0,"",,
2023-08-22 13:05:24,"Pecs Et Dos",39min,"Incline Bench Press (Barbell)",2,25.0,8,0,0,,,
2023-08-22 13:05:24,"Pecs Et Dos",39min,"Incline Bench Press (Barbell)",3,25.0,8,0,0,,,
2023-08-22 13:05:24,"Pecs Et Dos",39min,"Incline Bench Press (Barbell)",4,25.0,7,0,0,,,
2023-08-22 13:05:24,"Pecs Et Dos",39min,"Chest Fly (Dumbbell)",1,32.0,10,0,0,"",,
2023-08-22 13:05:24,"Pecs Et Dos",39min,"Chest Fly (Dumbbell)",2,39.0,10,0,0,,,
2023-08-22 13:05:24,"Pecs Et Dos",39min,"Chest Fly (Dumbbell)",3,45.0,6,0,0,,,
2023-08-22 13:05:24,"Pecs Et Dos",39min,"Lat Pulldown (Cable)",1,39.0,10,0,0,"",,
2023-08-22 13:05:24,"Pecs Et Dos",39min,"Lat Pulldown (Cable)",2,45.0,10,0,0,,,
2023-08-22 13:05:24,"Pecs Et Dos",39min,"Lat Pulldown (Cable)",3,45.0,10,0,0,,,
2023-08-22 13:05:24,"Pecs Et Dos",39min,"Iso-Lateral Row (Machine)",1,32.0,10,0,0,"",,
2023-08-22 13:05:24,"Pecs Et Dos",39min,"Iso-Lateral Row (Machine)",2,27.0,10,0,0,,,
2023-08-22 13:05:24,"Pecs Et Dos",39min,"Iso-Lateral Row (Machine)",3,32.0,7,0,0,,,
2023-08-22 13:05:24,"Pecs Et Dos",39min,"Iso-Lateral Row (Machine)",4,27.0,9,0,0,,,
2023-08-25 12:37:20,"Bras / Ventre",1h 1min,"Aerobics",1,0,0,0,600,"","",
2023-08-25 12:37:20,"Bras / Ventre",1h 1min,"Bicep Curl (Dumbbell)",1,9.0,10,0,0,"",,
2023-08-25 12:37:20,"Bras / Ventre",1h 1min,"Bicep Curl (Dumbbell)",2,9.0,10,0,0,,,
2023-08-25 12:37:20,"Bras / Ventre",1h 1min,"Bicep Curl (Dumbbell)",3,9.0,8,0,0,,,
2023-08-25 12:37:20,"Bras / Ventre",1h 1min,"Seated Overhead Press (Dumbbell)",1,18.0,10,0,0,"",,
2023-08-25 12:37:20,"Bras / Ventre",1h 1min,"Seated Overhead Press (Dumbbell)",2,18.0,10,0,0,,,
2023-08-25 12:37:20,"Bras / Ventre",1h 1min,"Seated Overhead Press (Dumbbell)",3,20.0,8,0,0,,,
2023-08-25 12:37:20,"Bras / Ventre",1h 1min,"Preacher Curl (Dumbbell)",1,15.0,10,0,0,"",,
2023-08-25 12:37:20,"Bras / Ventre",1h 1min,"Preacher Curl (Dumbbell)",2,20.0,10,0,0,,,
2023-08-25 12:37:20,"Bras / Ventre",1h 1min,"Preacher Curl (Dumbbell)",3,25.0,6,0,0,,,
2023-08-25 12:37:20,"Bras / Ventre",1h 1min,"Preacher Curl (Dumbbell)",4,20.0,10,0,0,,,
2023-08-25 12:37:20,"Bras / Ventre",1h 1min,"Knee Raise (Captain's Chair)",1,0,12,0,0,"",,
2023-08-25 12:37:20,"Bras / Ventre",1h 1min,"Knee Raise (Captain's Chair)",2,0,10,0,0,,,
2023-08-25 12:37:20,"Bras / Ventre",1h 1min,"Knee Raise (Captain's Chair)",3,0,8,0,0,,,
2023-08-25 12:37:20,"Bras / Ventre",1h 1min,"Skullcrusher (Barbell)",1,10.0,10,0,0,"",,
2023-08-25 12:37:20,"Bras / Ventre",1h 1min,"Skullcrusher (Barbell)",2,15.0,10,0,0,,,
2023-08-25 12:37:20,"Bras / Ventre",1h 1min,"Skullcrusher (Barbell)",3,15.0,8,0,0,,,
2023-08-25 12:37:20,"Bras / Ventre",1h 1min,"Skullcrusher (Barbell)",4,15.0,6,0,0,,,
2023-08-25 12:37:20,"Bras / Ventre",1h 1min,"Chest Dip (Assisted)",1,14.0,8,0,0,"",,
2023-08-25 12:37:20,"Bras / Ventre",1h 1min,"Chest Dip (Assisted)",2,18.0,8,0,0,,,
2023-08-25 12:37:20,"Bras / Ventre",1h 1min,"Chest Dip (Assisted)",3,18.0,5,0,0,,,
2023-08-27 10:32:59,"Pecs Et Dos",1h 38min,"Bench Press (Dumbbell)",1,20.0,8,0,0,"","",
2023-08-27 10:32:59,"Pecs Et Dos",1h 38min,"Bench Press (Dumbbell)",2,30.0,9,0,0,,,
2023-08-27 10:32:59,"Pecs Et Dos",1h 38min,"Bench Press (Dumbbell)",3,40.0,7,0,0,,,
2023-08-27 10:32:59,"Pecs Et Dos",1h 38min,"Bench Press (Dumbbell)",4,40.0,5,0,0,,,
2023-08-27 10:32:59,"Pecs Et Dos",1h 38min,"Bench Press (Dumbbell)",5,35.0,7,0,0,,,
2023-08-27 10:32:59,"Pecs Et Dos",1h 38min,"Incline Bench Press (Barbell)",1,20.0,8,0,0,"",,
2023-08-27 10:32:59,"Pecs Et Dos",1h 38min,"Incline Bench Press (Barbell)",2,30.0,8,0,0,,,
2023-08-27 10:32:59,"Pecs Et Dos",1h 38min,"Incline Bench Press (Barbell)",3,30.0,5,0,0,,,
2023-08-27 10:32:59,"Pecs Et Dos",1h 38min,"Chest Fly (Dumbbell)",1,32.0,10,0,0,"",,
2023-08-27 10:32:59,"Pecs Et Dos",1h 38min,"Chest Fly (Dumbbell)",2,39.0,10,0,0,,,
2023-08-27 10:32:59,"Pecs Et Dos",1h 38min,"Chest Fly (Dumbbell)",3,45.0,9,0,0,,,
2023-08-27 10:32:59,"Pecs Et Dos",1h 38min,"Chest Fly (Dumbbell)",4,45.0,7,0,0,,,
2023-08-27 10:32:59,"Pecs Et Dos",1h 38min,"Seated Leg Press (Machine)",1,25.0,8,0,0,"",,
2023-08-27 10:32:59,"Pecs Et Dos",1h 38min,"Seated Leg Press (Machine)",2,32.0,8,0,0,,,
2023-08-27 10:32:59,"Pecs Et Dos",1h 38min,"Seated Leg Press (Machine)",3,39.0,8,0,0,,,
2023-08-27 10:32:59,"Pecs Et Dos",1h 38min,"Seated Leg Press (Machine)",4,45.0,7,0,0,,,
2023-08-27 10:32:59,"Pecs Et Dos",1h 38min,"Leg Extension (Machine)",1,39.0,10,0,0,"",,
2023-08-27 10:32:59,"Pecs Et Dos",1h 38min,"Leg Extension (Machine)",2,45.0,10,0,0,,,
2023-08-27 10:32:59,"Pecs Et Dos",1h 38min,"Leg Extension (Machine)",3,52.0,10,0,0,,,
2023-08-27 10:32:59,"Pecs Et Dos",1h 38min,"Leg Extension (Machine)",4,52.0,10,0,0,,,
2023-08-27 10:32:59,"Pecs Et Dos",1h 38min,"Seated Row (Machine)",1,32.0,10,0,0,"",,
2023-08-27 10:32:59,"Pecs Et Dos",1h 38min,"Seated Row (Machine)",2,39.0,10,0,0,,,
2023-08-27 10:32:59,"Pecs Et Dos",1h 38min,"Seated Row (Machine)",3,45.0,7,0,0,,,
2023-08-27 10:32:59,"Pecs Et Dos",1h 38min,"Bicep Curl (Dumbbell)",1,9.0,10,0,0,"",,
2023-08-27 10:32:59,"Pecs Et Dos",1h 38min,"Bicep Curl (Dumbbell)",2,9.0,10,0,0,,,
2023-08-27 10:32:59,"Pecs Et Dos",1h 38min,"Bicep Curl (Dumbbell)",3,9.0,8,0,0,,,
2023-08-27 10:32:59,"Pecs Et Dos",1h 38min,"Arnold Press (Dumbbell)",1,10.0,10,0,0,"",,
2023-08-27 10:32:59,"Pecs Et Dos",1h 38min,"Arnold Press (Dumbbell)",2,10.0,5,0,0,,,
2023-08-27 10:32:59,"Pecs Et Dos",1h 38min,"Hip Abductor (Machine)",1,32.0,8,0,0,"",,
2023-08-27 10:32:59,"Pecs Et Dos",1h 38min,"Hip Abductor (Machine)",2,39.0,8,0,0,,,
2023-08-27 10:32:59,"Pecs Et Dos",1h 38min,"Hip Abductor (Machine)",3,32.0,8,0,0,,,
2023-08-27 10:32:59,"Pecs Et Dos",1h 38min,"Hip Abductor (Machine)",4,32.0,8,0,0,,,
2023-08-27 10:32:59,"Pecs Et Dos",1h 38min,"Hip Abductor (Machine)",5,32.0,8,0,0,,,
2023-08-27 10:32:59,"Pecs Et Dos",1h 38min,"Hip Abductor (Machine)",6,32.0,8,0,0,,,
2023-08-27 10:32:59,"Pecs Et Dos",1h 38min,"Hip Adductor (Machine)",1,39.0,8,0,0,"",,
2023-08-27 10:32:59,"Pecs Et Dos",1h 38min,"Hip Adductor (Machine)",2,39.0,8,0,0,,,
2023-08-27 10:32:59,"Pecs Et Dos",1h 38min,"Hip Adductor (Machine)",3,39.0,8,0,0,,,
2023-08-31 12:34:36,"Pecs Et Dos",1h 2min,"Bench Press (Dumbbell)",1,20.0,9,0,0,"","",
2023-08-31 12:34:36,"Pecs Et Dos",1h 2min,"Bench Press (Dumbbell)",2,30.0,8,0,0,,,
2023-08-31 12:34:36,"Pecs Et Dos",1h 2min,"Bench Press (Dumbbell)",3,40.0,8,0,0,,,
2023-08-31 12:34:36,"Pecs Et Dos",1h 2min,"Bench Press (Dumbbell)",4,40.0,5,0,0,,,
2023-08-31 12:34:36,"Pecs Et Dos",1h 2min,"Bench Press (Dumbbell)",5,45.0,2,0,0,,,
2023-08-31 12:34:36,"Pecs Et Dos",1h 2min,"Chest Fly (Dumbbell)",1,32.0,10,0,0,"",,
2023-08-31 12:34:36,"Pecs Et Dos",1h 2min,"Chest Fly (Dumbbell)",2,39.0,10,0,0,,,
2023-08-31 12:34:36,"Pecs Et Dos",1h 2min,"Chest Fly (Dumbbell)",3,45.0,7,0,0,,,
2023-08-31 12:34:36,"Pecs Et Dos",1h 2min,"Preacher Curl (Machine)",1,15.0,10,0,0,"",,
2023-08-31 12:34:36,"Pecs Et Dos",1h 2min,"Preacher Curl (Machine)",2,20.0,10,0,0,,,
2023-08-31 12:34:36,"Pecs Et Dos",1h 2min,"Preacher Curl (Machine)",3,20.0,10,0,0,,,
2023-08-31 12:34:36,"Pecs Et Dos",1h 2min,"Calf Press on Leg Press",1,115.0,8,0,0,"",,
2023-08-31 12:34:36,"Pecs Et Dos",1h 2min,"Calf Press on Leg Press",2,155.0,8,0,0,,,
2023-08-31 12:34:36,"Pecs Et Dos",1h 2min,"Calf Press on Leg Press",3,155.0,8,0,0,,,
2023-08-31 12:34:36,"Pecs Et Dos",1h 2min,"Calf Press on Leg Press",4,155.0,8,0,0,,,
2023-08-31 12:34:36,"Pecs Et Dos",1h 2min,"Calf Press on Leg Press",5,165.0,8,0,0,,,
2023-08-31 12:34:36,"Pecs Et Dos",1h 2min,"Chest Dip (Assisted)",1,14.0,8,0,0,"",,
2023-08-31 12:34:36,"Pecs Et Dos",1h 2min,"Chest Dip (Assisted)",2,14.0,7,0,0,,,
2023-08-31 12:34:36,"Pecs Et Dos",1h 2min,"Chest Dip (Assisted)",3,18.0,8,0,0,,,
2023-08-31 12:34:36,"Pecs Et Dos",1h 2min,"Hip Abductor (Machine)",1,25.0,8,0,0,"",,
2023-08-31 12:34:36,"Pecs Et Dos",1h 2min,"Hip Abductor (Machine)",2,32.0,8,0,0,,,
2023-08-31 12:34:36,"Pecs Et Dos",1h 2min,"Hip Abductor (Machine)",3,32.0,8,0,0,,,
2023-08-31 12:34:36,"Pecs Et Dos",1h 2min,"Hip Abductor (Machine)",4,39.0,8,0,0,,,
2023-08-31 12:34:36,"Pecs Et Dos",1h 2min,"Hip Adductor (Machine)",1,32.0,8,0,0,"",,
2023-08-31 12:34:36,"Pecs Et Dos",1h 2min,"Hip Adductor (Machine)",2,32.0,8,0,0,,,
2023-08-31 12:34:36,"Pecs Et Dos",1h 2min,"Hip Adductor (Machine)",3,39.0,9,0,0,,,
2023-09-04 12:31:58,"Pecs Et Dos",56min,"Aerobics",1,0,0,0,600,"","",
2023-09-04 12:31:58,"Pecs Et Dos",56min,"Bench Press (Dumbbell)",1,20.0,8,0,0,"",,
2023-09-04 12:31:58,"Pecs Et Dos",56min,"Bench Press (Dumbbell)",2,30.0,8,0,0,,,
2023-09-04 12:31:58,"Pecs Et Dos",56min,"Bench Press (Dumbbell)",3,40.0,8,0,0,,,
2023-09-04 12:31:58,"Pecs Et Dos",56min,"Bench Press (Dumbbell)",4,40.0,5,0,0,,,
2023-09-04 12:31:58,"Pecs Et Dos",56min,"Bench Press (Dumbbell)",5,45.0,2,0,0,,,
2023-09-04 12:31:58,"Pecs Et Dos",56min,"Incline Bench Press (Barbell)",1,20.0,8,0,0,"",,
2023-09-04 12:31:58,"Pecs Et Dos",56min,"Incline Bench Press (Barbell)",2,25.0,8,0,0,,,
2023-09-04 12:31:58,"Pecs Et Dos",56min,"Incline Bench Press (Barbell)",3,30.0,6,0,0,,,
2023-09-04 12:31:58,"Pecs Et Dos",56min,"Incline Bench Press (Barbell)",4,30.0,3,0,0,,,
2023-09-04 12:31:58,"Pecs Et Dos",56min,"Chest Fly (Dumbbell)",1,32.0,10,0,0,"",,
2023-09-04 12:31:58,"Pecs Et Dos",56min,"Chest Fly (Dumbbell)",2,39.0,10,0,0,,,
2023-09-04 12:31:58,"Pecs Et Dos",56min,"Chest Fly (Dumbbell)",3,45.0,7,0,0,,,
2023-09-04 12:31:58,"Pecs Et Dos",56min,"Cable Crossover",1,16.0,10,0,0,"",,
2023-09-04 12:31:58,"Pecs Et Dos",56min,"Cable Crossover",2,28.0,10,0,0,,,
2023-09-04 12:31:58,"Pecs Et Dos",56min,"Cable Crossover",3,28.0,7,0,0,,,
2023-09-04 12:31:58,"Pecs Et Dos",56min,"Cable Crossover",4,16.0,10,0,0,,,
2023-09-04 12:31:58,"Pecs Et Dos",56min,"Preacher Curl (Machine)",1,20.0,10,0,0,"",,
2023-09-04 12:31:58,"Pecs Et Dos",56min,"Preacher Curl (Machine)",2,20.0,10,0,0,,,
2023-09-04 12:31:58,"Pecs Et Dos",56min,"Preacher Curl (Machine)",3,25.0,10,0,0,,,
2023-09-04 12:31:58,"Pecs Et Dos",56min,"Seated Row (Machine)",1,32.0,10,0,0,"",,
2023-09-04 12:31:58,"Pecs Et Dos",56min,"Seated Row (Machine)",2,39.0,10,0,0,,,
2023-09-04 12:31:58,"Pecs Et Dos",56min,"Seated Row (Machine)",3,45.0,10,0,0,,,
2023-09-06 12:15:16,"Jambes",51min,"Aerobics",1,0,0,0,600,"","",
2023-09-06 12:15:16,"Jambes",51min,"Calf Press on Leg Press",1,75.0,10,0,0,"",,
2023-09-06 12:15:16,"Jambes",51min,"Calf Press on Leg Press",2,135.0,10,0,0,,,
2023-09-06 12:15:16,"Jambes",51min,"Calf Press on Leg Press",3,155.0,10,0,0,,,
2023-09-06 12:15:16,"Jambes",51min,"Calf Press on Leg Press",4,175.0,6,0,0,,,
2023-09-06 12:15:16,"Jambes",51min,"Hip Abductor (Machine)",1,25.0,16,0,0,"",,
2023-09-06 12:15:16,"Jambes",51min,"Hip Abductor (Machine)",2,32.0,16,0,0,,,
2023-09-06 12:15:16,"Jambes",51min,"Hip Abductor (Machine)",3,39.0,16,0,0,,,
2023-09-06 12:15:16,"Jambes",51min,"Hip Adductor (Machine)",1,32.0,10,0,0,"",,
2023-09-06 12:15:16,"Jambes",51min,"Hip Adductor (Machine)",2,39.0,10,0,0,,,
2023-09-06 12:15:16,"Jambes",51min,"Hip Adductor (Machine)",3,45.0,10,0,0,,,
2023-09-06 12:15:16,"Jambes",51min,"Hip Adductor (Machine)",4,39.0,10,0,0,,,
2023-09-06 12:15:16,"Jambes",51min,"Leg Extension (Machine)",1,39.0,10,0,0,"",,
2023-09-06 12:15:16,"Jambes",51min,"Leg Extension (Machine)",2,45.0,10,0,0,,,
2023-09-06 12:15:16,"Jambes",51min,"Leg Extension (Machine)",3,52.0,10,0,0,,,
2023-09-06 12:15:16,"Jambes",51min,"Leg Extension (Machine)",4,52.0,10,0,0,,,
2023-09-06 12:15:16,"Jambes",51min,"Chest Dip (Assisted)",1,14.0,10,0,0,"",,
2023-09-06 12:15:16,"Jambes",51min,"Chest Dip (Assisted)",2,9.0,8,0,0,,,
2023-09-06 12:15:16,"Jambes",51min,"Chest Dip (Assisted)",3,9.0,4,0,0,,,
2023-09-08 12:35:32,"Pecs Et Dos",46min,"Aerobics",1,0,0,0,600,"","",
2023-09-08 12:35:32,"Pecs Et Dos",46min,"Bench Press (Dumbbell)",1,20.0,8,0,0,"",,
2023-09-08 12:35:32,"Pecs Et Dos",46min,"Bench Press (Dumbbell)",2,30.0,8,0,0,,,
2023-09-08 12:35:32,"Pecs Et Dos",46min,"Bench Press (Dumbbell)",3,35.0,8,0,0,,,
2023-09-08 12:35:32,"Pecs Et Dos",46min,"Incline Bench Press (Barbell)",1,20.0,8,0,0,"",,
2023-09-08 12:35:32,"Pecs Et Dos",46min,"Incline Bench Press (Barbell)",2,30.0,8,0,0,,,
2023-09-08 12:35:32,"Pecs Et Dos",46min,"Incline Bench Press (Barbell)",3,35.0,5,0,0,,,
2023-09-08 12:35:32,"Pecs Et Dos",46min,"Incline Bench Press (Barbell)",4,35.0,4,0,0,,,
2023-09-08 12:35:32,"Pecs Et Dos",46min,"Chest Fly (Dumbbell)",1,32.0,10,0,0,"",,
2023-09-08 12:35:32,"Pecs Et Dos",46min,"Chest Fly (Dumbbell)",2,39.0,10,0,0,,,
2023-09-08 12:35:32,"Pecs Et Dos",46min,"Chest Fly (Dumbbell)",3,45.0,7,0,0,,,
2023-09-08 12:35:32,"Pecs Et Dos",46min,"Shoulder Press (Machine)",1,18.0,10,0,0,"",,
2023-09-08 12:35:32,"Pecs Et Dos",46min,"Shoulder Press (Machine)",2,23.0,7,0,0,,,
2023-09-08 12:35:32,"Pecs Et Dos",46min,"Shoulder Press (Machine)",3,23.0,5,0,0,,,
2023-09-08 12:35:32,"Pecs Et Dos",46min,"Skullcrusher (Barbell)",1,15.0,10,0,0,"",,
2023-09-08 12:35:32,"Pecs Et Dos",46min,"Skullcrusher (Barbell)",2,15.0,8,0,0,,,
2023-09-08 12:35:32,"Pecs Et Dos",46min,"Skullcrusher (Barbell)",3,15.0,8,0,0,,,
2023-09-08 12:35:32,"Pecs Et Dos",46min,"Lateral Raise (Dumbbell)",1,5.0,10,0,0,"",,
2023-09-08 12:35:32,"Pecs Et Dos",46min,"Lateral Raise (Dumbbell)",2,6.0,10,0,0,,,
2023-09-11 12:31:02,"Jambes",1h 47min,"Aerobics",1,0,0,0,600,"","",
2023-09-11 12:31:02,"Jambes",1h 47min,"Calf Press on Leg Press",1,75.0,10,0,0,"",,
2023-09-11 12:31:02,"Jambes",1h 47min,"Calf Press on Leg Press",2,115.0,10,0,0,,,
2023-09-11 12:31:02,"Jambes",1h 47min,"Calf Press on Leg Press",3,155.0,10,0,0,,,
2023-09-11 12:31:02,"Jambes",1h 47min,"Calf Press on Leg Press",4,195.0,6,0,0,,,
2023-09-11 12:31:02,"Jambes",1h 47min,"Calf Press on Leg Press",5,195.0,2,0,0,,,
2023-09-11 12:31:02,"Jambes",1h 47min,"Leg Extension (Machine)",1,39.0,10,0,0,"",,
2023-09-11 12:31:02,"Jambes",1h 47min,"Leg Extension (Machine)",2,45.0,10,0,0,,,
2023-09-11 12:31:02,"Jambes",1h 47min,"Leg Extension (Machine)",3,52.0,10,0,0,,,
2023-09-11 12:31:02,"Jambes",1h 47min,"Lat Pulldown (Cable)",1,39.0,10,0,0,"",,
2023-09-11 12:31:02,"Jambes",1h 47min,"Lat Pulldown (Cable)",2,45.0,10,0,0,,,
2023-09-11 12:31:02,"Jambes",1h 47min,"Lat Pulldown (Cable)",3,52.0,4,0,0,,,
2023-09-11 12:31:02,"Jambes",1h 47min,"Seated Row (Machine)",1,36.0,10,0,0,"",,
2023-09-11 12:31:02,"Jambes",1h 47min,"Seated Row (Machine)",2,41.0,4,0,0,,,
2023-09-11 12:31:02,"Jambes",1h 47min,"Seated Row (Machine)",3,45.0,3,0,0,,,
2023-09-13 12:40:34,"Pecs Et Dos",1h 2min,"Aerobics",1,0,0,0,600,"","",
2023-09-13 12:40:34,"Pecs Et Dos",1h 2min,"Bench Press (Dumbbell)",1,20.0,6,0,0,"",,
2023-09-13 12:40:34,"Pecs Et Dos",1h 2min,"Bench Press (Dumbbell)",2,30.0,6,0,0,,,
2023-09-13 12:40:34,"Pecs Et Dos",1h 2min,"Bench Press (Dumbbell)",3,40.0,6,0,0,,,
2023-09-13 12:40:34,"Pecs Et Dos",1h 2min,"Bench Press (Dumbbell)",4,45.0,6,0,0,,,
2023-09-13 12:40:34,"Pecs Et Dos",1h 2min,"Bench Press (Dumbbell)",5,50.0,4,0,0,,,
2023-09-13 12:40:34,"Pecs Et Dos",1h 2min,"Incline Bench Press (Barbell)",1,20.0,8,0,0,"",,
2023-09-13 12:40:34,"Pecs Et Dos",1h 2min,"Incline Bench Press (Barbell)",2,30.0,8,0,0,,,
2023-09-13 12:40:34,"Pecs Et Dos",1h 2min,"Incline Bench Press (Barbell)",3,35.0,5,0,0,,,
2023-09-13 12:40:34,"Pecs Et Dos",1h 2min,"Incline Bench Press (Barbell)",4,35.0,5,0,0,,,
2023-09-13 12:40:34,"Pecs Et Dos",1h 2min,"Chest Fly (Dumbbell)",1,39.0,10,0,0,"",,
2023-09-13 12:40:34,"Pecs Et Dos",1h 2min,"Chest Fly (Dumbbell)",2,45.0,10,0,0,,,
2023-09-13 12:40:34,"Pecs Et Dos",1h 2min,"Chest Fly (Dumbbell)",3,52.0,9,0,0,,,
2023-09-13 12:40:34,"Pecs Et Dos",1h 2min,"Chest Fly (Dumbbell)",4,59.0,4,0,0,,,
2023-09-13 12:40:34,"Pecs Et Dos",1h 2min,"Preacher Curl (Machine)",1,20.0,10,0,0,"",,
2023-09-13 12:40:34,"Pecs Et Dos",1h 2min,"Lateral Raise (Dumbbell)",1,7.0,8,0,0,"",,
2023-09-13 12:40:34,"Pecs Et Dos",1h 2min,"Lateral Raise (Dumbbell)",2,8.0,8,0,0,,,
2023-09-13 12:40:34,"Pecs Et Dos",1h 2min,"Lateral Raise (Dumbbell)",3,9.0,8,0,0,,,
2023-09-13 12:40:34,"Pecs Et Dos",1h 2min,"Bicep Curl (Dumbbell)",1,9.0,10,0,0,"",,
2023-09-13 12:40:34,"Pecs Et Dos",1h 2min,"Bicep Curl (Dumbbell)",2,10.0,10,0,0,,,
2023-09-13 12:40:34,"Pecs Et Dos",1h 2min,"Bicep Curl (Dumbbell)",3,12.0,5,0,0,,,
2023-09-13 12:40:34,"Pecs Et Dos",1h 2min,"Skullcrusher (Barbell)",1,15.0,10,0,0,"",,
2023-09-13 12:40:34,"Pecs Et Dos",1h 2min,"Skullcrusher (Barbell)",2,15.0,10,0,0,,,
2023-09-13 12:40:34,"Pecs Et Dos",1h 2min,"Skullcrusher (Barbell)",3,20.0,5,0,0,,,
2023-09-15 12:32:00,"Pecs Et Dos",1h 10min,"Aerobics",1,0,0,0,600,"","",
2023-09-15 12:32:00,"Pecs Et Dos",1h 10min,"Hammer Curl (Dumbbell)",1,9.0,10,0,0,"",,
2023-09-15 12:32:00,"Pecs Et Dos",1h 10min,"Hammer Curl (Dumbbell)",2,10.0,8,0,0,,,
2023-09-15 12:32:00,"Pecs Et Dos",1h 10min,"Hammer Curl (Dumbbell)",3,10.0,6,0,0,,,
2023-09-15 12:32:00,"Pecs Et Dos",1h 10min,"Arnold Press (Dumbbell)",1,10.0,10,0,0,"",,
2023-09-15 12:32:00,"Pecs Et Dos",1h 10min,"Arnold Press (Dumbbell)",2,12.0,10,0,0,,,
2023-09-15 12:32:00,"Pecs Et Dos",1h 10min,"Arnold Press (Dumbbell)",3,14.0,8,0,0,,,
2023-09-15 12:32:00,"Pecs Et Dos",1h 10min,"Cable Crossover",1,16.0,10,0,0,"",,
2023-09-15 12:32:00,"Pecs Et Dos",1h 10min,"Cable Crossover",2,28.0,10,0,0,,,
2023-09-15 12:32:00,"Pecs Et Dos",1h 10min,"Cable Crossover",3,28.0,7,0,0,,,
2023-09-15 12:32:00,"Pecs Et Dos",1h 10min,"Cable Crossover",4,28.0,5,0,0,,,
2023-09-15 12:32:00,"Pecs Et Dos",1h 10min,"Triceps Pushdown (Cable - Straight Bar)",1,32.0,10,0,0,"",,
2023-09-15 12:32:00,"Pecs Et Dos",1h 10min,"Triceps Pushdown (Cable - Straight Bar)",2,36.0,6,0,0,,,
2023-09-15 12:32:00,"Pecs Et Dos",1h 10min,"Triceps Pushdown (Cable - Straight Bar)",3,32.0,5,0,0,,,
2023-09-15 12:32:00,"Pecs Et Dos",1h 10min,"Seated Row (Machine)",1,32.0,10,0,0,"",,
2023-09-15 12:32:00,"Pecs Et Dos",1h 10min,"Seated Row (Machine)",2,45.0,7,0,0,,,
2023-09-15 12:32:00,"Pecs Et Dos",1h 10min,"Seated Row (Machine)",3,45.0,7,0,0,,,
2023-09-15 12:32:00,"Pecs Et Dos",1h 10min,"Squat (Barbell)",1,20.0,10,0,0,"",,
2023-09-15 12:32:00,"Pecs Et Dos",1h 10min,"Squat (Barbell)",2,30.0,10,0,0,,,
2023-09-18 12:23:30,"Jambes",1h 5min,"Aerobics",1,0,0,0,300,"","",
2023-09-18 12:23:30,"Jambes",1h 5min,"Calf Press on Leg Press",1,115.0,10,0,0,"",,
2023-09-18 12:23:30,"Jambes",1h 5min,"Calf Press on Leg Press",2,155.0,10,0,0,,,
2023-09-18 12:23:30,"Jambes",1h 5min,"Calf Press on Leg Press",3,195.0,10,0,0,,,
2023-09-18 12:23:30,"Jambes",1h 5min,"Calf Press on Leg Press",4,215.0,10,0,0,,,
2023-09-18 12:23:30,"Jambes",1h 5min,"Hip Abductor (Machine)",1,32.0,20,0,0,"",,
2023-09-18 12:23:30,"Jambes",1h 5min,"Hip Abductor (Machine)",2,39.0,20,0,0,,,
2023-09-18 12:23:30,"Jambes",1h 5min,"Hip Abductor (Machine)",3,45.0,20,0,0,,,
2023-09-18 12:23:30,"Jambes",1h 5min,"Hip Adductor (Machine)",1,32.0,12,0,0,"",,
2023-09-18 12:23:30,"Jambes",1h 5min,"Hip Adductor (Machine)",2,39.0,12,0,0,,,
2023-09-18 12:23:30,"Jambes",1h 5min,"Hip Adductor (Machine)",3,45.0,12,0,0,,,
2023-09-18 12:23:30,"Jambes",1h 5min,"Hip Adductor (Machine)",4,45.0,5,0,0,,,
2023-09-18 12:23:30,"Jambes",1h 5min,"Leg Extension (Machine)",1,39.0,10,0,0,"",,
2023-09-18 12:23:30,"Jambes",1h 5min,"Leg Extension (Machine)",2,45.0,10,0,0,,,
2023-09-18 12:23:30,"Jambes",1h 5min,"Leg Extension (Machine)",3,52.0,10,0,0,,,
2023-09-18 12:23:30,"Jambes",1h 5min,"Cable Crossover",1,16.0,10,0,0,"",,
2023-09-18 12:23:30,"Jambes",1h 5min,"Cable Crossover",2,28.0,10,0,0,,,
2023-09-18 12:23:30,"Jambes",1h 5min,"Cable Crossover",3,36.0,10,0,0,,,
2023-09-18 12:23:30,"Jambes",1h 5min,"Cable Crossover",4,36.0,5,0,0,,,
2023-09-18 12:23:30,"Jambes",1h 5min,"Seated Leg Press (Machine)",1,39.0,10,0,0,"",,
2023-09-18 12:23:30,"Jambes",1h 5min,"Seated Leg Press (Machine)",2,52.0,10,0,0,,,
2023-09-18 12:23:30,"Jambes",1h 5min,"Seated Leg Press (Machine)",3,59.0,10,0,0,,,
2023-09-20 12:13:57,"Pecs Et Dos",1h 2min,"Aerobics",1,0,0,0,600,"","",
2023-09-20 12:13:57,"Pecs Et Dos",1h 2min,"Incline Bench Press (Barbell)",1,20.0,8,0,0,"",,
2023-09-20 12:13:57,"Pecs Et Dos",1h 2min,"Incline Bench Press (Barbell)",2,30.0,8,0,0,,,
2023-09-20 12:13:57,"Pecs Et Dos",1h 2min,"Incline Bench Press (Barbell)",3,35.0,5,0,0,,,
2023-09-20 12:13:57,"Pecs Et Dos",1h 2min,"Incline Bench Press (Barbell)",4,25.0,6,0,0,,,
2023-09-20 12:13:57,"Pecs Et Dos",1h 2min,"Chest Fly (Dumbbell)",1,39.0,10,0,0,"",,
2023-09-20 12:13:57,"Pecs Et Dos",1h 2min,"Chest Fly (Dumbbell)",2,45.0,10,0,0,,,
2023-09-20 12:13:57,"Pecs Et Dos",1h 2min,"Chest Fly (Dumbbell)",3,52.0,5,0,0,,,
2023-09-20 12:13:57,"Pecs Et Dos",1h 2min,"Lat Pulldown (Cable)",1,39.0,10,0,0,"",,
2023-09-20 12:13:57,"Pecs Et Dos",1h 2min,"Lat Pulldown (Cable)",2,45.0,8,0,0,,,
2023-09-20 12:13:57,"Pecs Et Dos",1h 2min,"Lat Pulldown (Cable)",3,39.0,10,0,0,,,
2023-09-20 12:13:57,"Pecs Et Dos",1h 2min,"Iso-Lateral Row (Machine)",1,36.0,10,0,0,"",,
2023-09-20 12:13:57,"Pecs Et Dos",1h 2min,"Iso-Lateral Row (Machine)",2,41.0,10,0,0,,,
2023-09-20 12:13:57,"Pecs Et Dos",1h 2min,"Iso-Lateral Row (Machine)",3,45.0,5,0,0,,,
2023-09-20 12:13:57,"Pecs Et Dos",1h 2min,"Iso-Lateral Row (Machine)",4,41.0,5,0,0,,,
2023-09-20 12:13:57,"Pecs Et Dos",1h 2min,"Cable Crossover",1,16.0,10,0,0,"",,
2023-09-20 12:13:57,"Pecs Et Dos",1h 2min,"Cable Crossover",2,28.0,10,0,0,,,
2023-09-20 12:13:57,"Pecs Et Dos",1h 2min,"Cable Crossover",3,36.0,10,0,0,,,
2023-09-20 12:13:57,"Pecs Et Dos",1h 2min,"Seated Row (Machine)",1,32.0,10,0,0,"",,
2023-09-20 12:13:57,"Pecs Et Dos",1h 2min,"Seated Row (Machine)",2,39.0,10,0,0,,,
2023-09-20 12:13:57,"Pecs Et Dos",1h 2min,"Seated Row (Machine)",3,45.0,10,0,0,,,
2023-09-20 12:13:57,"Pecs Et Dos",1h 2min,"Seated Row (Machine)",4,52.0,5,0,0,,,
2023-09-20 12:13:57,"Pecs Et Dos",1h 2min,"Chest Dip (Assisted)",1,14.0,10,0,0,"",,
2023-09-20 12:13:57,"Pecs Et Dos",1h 2min,"Chest Dip (Assisted)",2,9.0,7,0,0,,,
2023-09-20 12:13:57,"Pecs Et Dos",1h 2min,"Chest Dip (Assisted)",3,9.0,4,0,0,,,
2023-09-22 12:24:32,"Bras / Épaules",50min,"Aerobics",1,0,0,0,600,"","",
2023-09-22 12:24:32,"Bras / Épaules",50min,"Bicep Curl (Dumbbell)",1,10.0,10,0,0,"",,
2023-09-22 12:24:32,"Bras / Épaules",50min,"Bicep Curl (Dumbbell)",2,12.0,9,0,0,,,
2023-09-22 12:24:32,"Bras / Épaules",50min,"Bicep Curl (Dumbbell)",3,14.0,4,0,0,,,
2023-09-22 12:24:32,"Bras / Épaules",50min,"Preacher Curl (Dumbbell)",1,20.0,10,0,0,"",,
2023-09-22 12:24:32,"Bras / Épaules",50min,"Preacher Curl (Dumbbell)",2,25.0,10,0,0,,,
2023-09-22 12:24:32,"Bras / Épaules",50min,"Preacher Curl (Dumbbell)",3,25.0,10,0,0,,,
2023-09-22 12:24:32,"Bras / Épaules",50min,"Arnold Press (Dumbbell)",1,10.0,5,0,0,"",,
2023-09-22 12:24:32,"Bras / Épaules",50min,"Arnold Press (Dumbbell)",2,9.0,6,0,0,,,
2023-09-22 12:24:32,"Bras / Épaules",50min,"Skullcrusher (Barbell)",1,15.0,10,0,0,"",,
2023-09-22 12:24:32,"Bras / Épaules",50min,"Skullcrusher (Barbell)",2,20.0,10,0,0,,,
2023-09-22 12:24:32,"Bras / Épaules",50min,"Skullcrusher (Barbell)",3,25.0,5,0,0,,,
2023-09-22 12:24:32,"Bras / Épaules",50min,"Lateral Raise (Dumbbell)",1,8.0,10,0,0,"",,
2023-09-22 12:24:32,"Bras / Épaules",50min,"Lateral Raise (Dumbbell)",2,9.0,9,0,0,,,
2023-09-22 12:24:32,"Bras / Épaules",50min,"Lateral Raise (Dumbbell)",3,10.0,8,0,0,,,
2023-09-22 12:24:32,"Bras / Épaules",50min,"Triceps Pushdown (Cable - Straight Bar)",1,32.0,10,0,0,"",,
2023-09-22 12:24:32,"Bras / Épaules",50min,"Triceps Pushdown (Cable - Straight Bar)",2,36.0,6,0,0,,,
2023-09-22 12:24:32,"Bras / Épaules",50min,"Chest Fly",1,45.0,10,0,0,"",,
2023-09-22 12:24:32,"Bras / Épaules",50min,"Chest Fly",2,52.0,8,0,0,,,
2023-09-22 12:24:32,"Bras / Épaules",50min,"Chest Fly",3,59.0,5,0,0,,,
2023-09-23 11:51:29,"Jambes",1h 3min,"Aerobics",1,0,0,0,600,"","",
2023-09-23 11:51:29,"Jambes",1h 3min,"Calf Press on Leg Press",1,115.0,10,0,0,"",,
2023-09-23 11:51:29,"Jambes",1h 3min,"Calf Press on Leg Press",2,155.0,10,0,0,,,
2023-09-23 11:51:29,"Jambes",1h 3min,"Calf Press on Leg Press",3,195.0,10,0,0,,,
2023-09-23 11:51:29,"Jambes",1h 3min,"Calf Press on Leg Press",4,215.0,10,0,0,,,
2023-09-23 11:51:29,"Jambes",1h 3min,"Hip Abductor (Machine)",1,39.0,20,0,0,"",,
2023-09-23 11:51:29,"Jambes",1h 3min,"Hip Abductor (Machine)",2,45.0,20,0,0,,,
2023-09-23 11:51:29,"Jambes",1h 3min,"Hip Abductor (Machine)",3,52.0,15,0,0,,,
2023-09-23 11:51:29,"Jambes",1h 3min,"Hip Adductor (Machine)",1,39.0,12,0,0,"",,
2023-09-23 11:51:29,"Jambes",1h 3min,"Hip Adductor (Machine)",2,45.0,12,0,0,,,
2023-09-23 11:51:29,"Jambes",1h 3min,"Hip Adductor (Machine)",3,52.0,6,0,0,,,
2023-09-23 11:51:29,"Jambes",1h 3min,"Leg Extension (Machine)",1,45.0,10,0,0,"",,
2023-09-23 11:51:29,"Jambes",1h 3min,"Leg Extension (Machine)",2,52.0,10,0,0,,,
2023-09-23 11:51:29,"Jambes",1h 3min,"Leg Extension (Machine)",3,59.0,10,0,0,,,
2023-09-23 11:51:29,"Jambes",1h 3min,"Seated Leg Press (Machine)",1,45.0,20,0,0,"",,
2023-09-23 11:51:29,"Jambes",1h 3min,"Seated Leg Press (Machine)",2,52.0,20,0,0,,,
2023-09-23 11:51:29,"Jambes",1h 3min,"Seated Leg Press (Machine)",3,59.0,20,0,0,,,
2023-09-25 12:16:49,"Pecs Et Dos",1h 6min,"Aerobics",1,0,0,0,300,"","",
2023-09-25 12:16:49,"Pecs Et Dos",1h 6min,"Bench Press (Dumbbell)",1,24.0,8,0,0,"",,
2023-09-25 12:16:49,"Pecs Et Dos",1h 6min,"Bench Press (Dumbbell)",2,34.0,8,0,0,,,
2023-09-25 12:16:49,"Pecs Et Dos",1h 6min,"Bench Press (Dumbbell)",3,40.0,8,0,0,,,
2023-09-25 12:16:49,"Pecs Et Dos",1h 6min,"Bench Press (Dumbbell)",4,44.0,3,0,0,,,
2023-09-25 12:16:49,"Pecs Et Dos",1h 6min,"Chest Fly (Dumbbell)",1,45.0,10,0,0,"",,
2023-09-25 12:16:49,"Pecs Et Dos",1h 6min,"Chest Fly (Dumbbell)",2,52.0,8,0,0,,,
2023-09-25 12:16:49,"Pecs Et Dos",1h 6min,"Chest Fly (Dumbbell)",3,59.0,4,0,0,,,
2023-09-25 12:16:49,"Pecs Et Dos",1h 6min,"Lat Pulldown (Cable)",1,39.0,10,0,0,"",,
2023-09-25 12:16:49,"Pecs Et Dos",1h 6min,"Lat Pulldown (Cable)",2,45.0,8,0,0,,,
2023-09-25 12:16:49,"Pecs Et Dos",1h 6min,"Lat Pulldown (Cable)",3,52.0,5,0,0,,,
2023-09-25 12:16:49,"Pecs Et Dos",1h 6min,"Iso-Lateral Row (Machine)",1,36.0,10,0,0,"",,
2023-09-25 12:16:49,"Pecs Et Dos",1h 6min,"Iso-Lateral Row (Machine)",2,41.0,10,0,0,,,
2023-09-25 12:16:49,"Pecs Et Dos",1h 6min,"Iso-Lateral Row (Machine)",3,45.0,5,0,0,,,
2023-09-25 12:16:49,"Pecs Et Dos",1h 6min,"Cable Crossover",1,16.0,10,0,0,"",,
2023-09-25 12:16:49,"Pecs Et Dos",1h 6min,"Cable Crossover",2,28.0,10,0,0,,,
2023-09-25 12:16:49,"Pecs Et Dos",1h 6min,"Cable Crossover",3,36.0,10,0,0,,,
2023-09-25 12:16:49,"Pecs Et Dos",1h 6min,"Cable Crossover",4,28.0,10,0,0,,,
2023-09-25 12:16:49,"Pecs Et Dos",1h 6min,"Chest Dip (Assisted)",1,14.0,10,0,0,"",,
2023-09-25 12:16:49,"Pecs Et Dos",1h 6min,"Chest Dip (Assisted)",2,9.0,8,0,0,,,
2023-09-25 12:16:49,"Pecs Et Dos",1h 6min,"Chest Dip (Assisted)",3,4.5,4,0,0,,,
2023-09-25 12:16:49,"Pecs Et Dos",1h 6min,"Seated Row (Machine)",1,32.0,10,0,0,"",,
2023-09-25 12:16:49,"Pecs Et Dos",1h 6min,"Seated Row (Machine)",2,39.0,10,0,0,,,
2023-09-25 12:16:49,"Pecs Et Dos",1h 6min,"Seated Row (Machine)",3,45.0,10,0,0,,,
2023-09-25 12:16:49,"Pecs Et Dos",1h 6min,"Seated Row (Machine)",4,52.0,8,0,0,,,
2023-09-27 12:22:54,"Jambes",54min,"Aerobics",1,0,0,0,300,"","",
2023-09-27 12:22:54,"Jambes",54min,"Calf Press on Leg Press",1,115.0,10,0,0,"",,
2023-09-27 12:22:54,"Jambes",54min,"Calf Press on Leg Press",2,155.0,10,0,0,,,
2023-09-27 12:22:54,"Jambes",54min,"Calf Press on Leg Press",3,195.0,10,0,0,,,
2023-09-27 12:22:54,"Jambes",54min,"Calf Press on Leg Press",4,235.0,9,0,0,,,
2023-09-27 12:22:54,"Jambes",54min,"Hip Abductor (Machine)",1,39.0,20,0,0,"",,
2023-09-27 12:22:54,"Jambes",54min,"Hip Abductor (Machine)",2,45.0,20,0,0,,,
2023-09-27 12:22:54,"Jambes",54min,"Hip Abductor (Machine)",3,52.0,18,0,0,,,
2023-09-27 12:22:54,"Jambes",54min,"Hip Adductor (Machine)",1,39.0,12,0,0,"",,
2023-09-27 12:22:54,"Jambes",54min,"Hip Adductor (Machine)",2,45.0,12,0,0,,,
2023-09-27 12:22:54,"Jambes",54min,"Hip Adductor (Machine)",3,52.0,10,0,0,,,
2023-09-27 12:22:54,"Jambes",54min,"Leg Extension (Machine)",1,45.0,10,0,0,"",,
2023-09-27 12:22:54,"Jambes",54min,"Leg Extension (Machine)",2,52.0,10,0,0,,,
2023-09-27 12:22:54,"Jambes",54min,"Leg Extension (Machine)",3,59.0,10,0,0,,,
2023-09-27 12:22:54,"Jambes",54min,"Seated Leg Curl (Machine)",1,39.0,10,0,0,"",,
2023-09-27 12:22:54,"Jambes",54min,"Seated Leg Curl (Machine)",2,45.0,10,0,0,,,
2023-09-27 12:22:54,"Jambes",54min,"Seated Leg Curl (Machine)",3,52.0,4,0,0,,,
2023-09-29 12:17:23,"Push",58min,"Aerobics",1,0,0,0,300,"","",
2023-09-29 12:17:23,"Push",58min,"Skullcrusher (Barbell)",1,15.0,10,0,0,"",,
2023-09-29 12:17:23,"Push",58min,"Skullcrusher (Barbell)",2,20.0,8,0,0,,,
2023-09-29 12:17:23,"Push",58min,"Skullcrusher (Barbell)",3,25.0,2,0,0,,,
2023-09-29 12:17:23,"Push",58min,"Chest Fly",1,52.0,10,0,0,"",,
2023-09-29 12:17:23,"Push",58min,"Chest Fly",2,59.0,9,0,0,,,
2023-09-29 12:17:23,"Push",58min,"Chest Fly",3,66.0,5,0,0,,,
2023-09-29 12:17:23,"Push",58min,"Lateral Raise (Dumbbell)",1,8.0,13,0,0,"",,
2023-09-29 12:17:23,"Push",58min,"Lateral Raise (Dumbbell)",2,9.0,10,0,0,,,
2023-09-29 12:17:23,"Push",58min,"Lateral Raise (Dumbbell)",3,10.0,6,0,0,,,
2023-09-29 12:17:23,"Push",58min,"Shoulder Press (Machine)",1,18.0,10,0,0,"",,
2023-09-29 12:17:23,"Push",58min,"Shoulder Press (Machine)",2,23.0,6,0,0,,,
2023-09-29 12:17:23,"Push",58min,"Shoulder Press (Machine)",3,23.0,6,0,0,,,
2023-09-29 12:17:23,"Push",58min,"Chest Dip (Assisted)",1,14.0,10,0,0,"",,
2023-09-29 12:17:23,"Push",58min,"Chest Dip (Assisted)",2,9.0,7,0,0,,,
2023-09-29 12:17:23,"Push",58min,"Chest Dip (Assisted)",3,4.5,5,0,0,,,
2023-09-29 12:17:23,"Push",58min,"Cable Crossover",1,16.0,10,0,0,"",,
2023-09-29 12:17:23,"Push",58min,"Cable Crossover",2,28.0,6,0,0,,,
2023-09-29 12:17:23,"Push",58min,"Cable Crossover",3,16.0,10,0,0,,,
2023-09-29 12:17:23,"Push",58min,"Cable Crossover",4,28.0,10,0,0,,,
2023-09-29 12:17:23,"Push",58min,"Bench Press (Dumbbell)",1,24.0,8,0,0,"",,
2023-09-29 12:17:23,"Push",58min,"Bench Press (Dumbbell)",2,32.0,8,0,0,,,
2023-09-29 12:17:23,"Push",58min,"Bench Press (Dumbbell)",3,40.0,8,0,0,,,
2023-09-29 12:17:23,"Push",58min,"Bench Press (Dumbbell)",4,48.0,5,0,0,,,
2023-10-02 12:27:24,"Push",57min,"Aerobics",1,0,0,0,300,"","",
2023-10-02 12:27:24,"Push",57min,"Bench Press (Barbell)",1,40.0,8,0,0,"",,
2023-10-02 12:27:24,"Push",57min,"Bench Press (Barbell)",2,50.0,8,0,0,,,
2023-10-02 12:27:24,"Push",57min,"Bench Press (Barbell)",3,55.0,2,0,0,,,
2023-10-02 12:27:24,"Push",57min,"Bench Press (Barbell)",4,50.0,6,0,0,,,
2023-10-02 12:27:24,"Push",57min,"Skullcrusher (Barbell)",1,15.0,10,0,0,"",,
2023-10-02 12:27:24,"Push",57min,"Skullcrusher (Barbell)",2,20.0,8,0,0,,,
2023-10-02 12:27:24,"Push",57min,"Skullcrusher (Barbell)",3,15.0,6,0,0,,,
2023-10-02 12:27:24,"Push",57min,"Chest Fly",1,59.0,10,0,0,"",,
2023-10-02 12:27:24,"Push",57min,"Chest Fly",2,66.0,6,0,0,,,
2023-10-02 12:27:24,"Push",57min,"Chest Fly",3,59.0,8,0,0,,,
2023-10-02 12:27:24,"Push",57min,"Lateral Raise (Dumbbell)",1,9.0,10,0,0,"",,
2023-10-02 12:27:24,"Push",57min,"Lateral Raise (Dumbbell)",2,10.0,8,0,0,,,
2023-10-02 12:27:24,"Push",57min,"Lateral Raise (Dumbbell)",3,10.0,8,0,0,,,
2023-10-02 12:27:24,"Push",57min,"Shoulder Press (Machine)",1,18.0,10,0,0,"",,
2023-10-02 12:27:24,"Push",57min,"Shoulder Press (Machine)",2,23.0,8,0,0,,,
2023-10-02 12:27:24,"Push",57min,"Shoulder Press (Machine)",3,27.0,5,0,0,,,
2023-10-02 12:27:24,"Push",57min,"Chest Dip (Assisted)",1,14.0,10,0,0,"",,
2023-10-02 12:27:24,"Push",57min,"Chest Dip (Assisted)",2,9.0,8,0,0,,,
2023-10-02 12:27:24,"Push",57min,"Chest Dip (Assisted)",3,4.5,6,0,0,,,
2023-10-02 12:27:24,"Push",57min,"Cable Crossover",1,16.0,10,0,0,"",,
2023-10-02 12:27:24,"Push",57min,"Cable Crossover",2,28.0,6,0,0,,,
2023-10-02 12:27:24,"Push",57min,"Shrug (Dumbbell)",1,32.0,10,0,0,"",,
2023-10-02 12:27:24,"Push",57min,"Shrug (Dumbbell)",2,36.0,10,0,0,,,
2023-10-02 12:27:24,"Push",57min,"Shrug (Dumbbell)",3,40.0,6,0,0,,,
2023-10-04 12:10:14,"Pull",1h 2min,"Aerobics",1,0,0,0,300,"","",
2023-10-04 12:10:14,"Pull",1h 2min,"Lat Pulldown (Cable)",1,39.0,10,0,0,"",,
2023-10-04 12:10:14,"Pull",1h 2min,"Lat Pulldown (Cable)",2,45.0,8,0,0,,,
2023-10-04 12:10:14,"Pull",1h 2min,"Lat Pulldown (Cable)",3,52.0,6,0,0,,,
2023-10-04 12:10:14,"Pull",1h 2min,"Hammer Curl (Dumbbell)",1,9.0,10,0,0,"",,
2023-10-04 12:10:14,"Pull",1h 2min,"Hammer Curl (Dumbbell)",2,10.0,10,0,0,,,
2023-10-04 12:10:14,"Pull",1h 2min,"Hammer Curl (Dumbbell)",3,12.0,7,0,0,,,
2023-10-04 12:10:14,"Pull",1h 2min,"Bicep Curl (Dumbbell)",1,10.0,10,0,0,"",,
2023-10-04 12:10:14,"Pull",1h 2min,"Bicep Curl (Dumbbell)",2,12.0,6,0,0,,,
2023-10-04 12:10:14,"Pull",1h 2min,"Bicep Curl (Dumbbell)",3,10.0,8,0,0,,,
2023-10-04 12:10:14,"Pull",1h 2min,"Concentration Curl (Dumbbell)",1,10.0,10,0,0,"",,
2023-10-04 12:10:14,"Pull",1h 2min,"Concentration Curl (Dumbbell)",2,12.0,6,0,0,,,
2023-10-04 12:10:14,"Pull",1h 2min,"Preacher Curl (Barbell)",1,20.0,10,0,0,"",,
2023-10-04 12:10:14,"Pull",1h 2min,"Preacher Curl (Barbell)",2,25.0,10,0,0,,,
2023-10-04 12:10:14,"Pull",1h 2min,"Preacher Curl (Barbell)",3,25.0,8,0,0,,,
2023-10-04 12:10:14,"Pull",1h 2min,"Seated Row (Machine)",1,39.0,10,0,0,"",,
2023-10-04 12:10:14,"Pull",1h 2min,"Seated Row (Machine)",2,45.0,10,0,0,,,
2023-10-04 12:10:14,"Pull",1h 2min,"Seated Row (Machine)",3,52.0,8,0,0,,,
2023-10-07 13:20:43,"Legs",1h 2min,"Aerobics",1,0,0,0,300,"","",
2023-10-07 13:20:43,"Legs",1h 2min,"Leg Press",1,115.0,10,0,0,"",,
2023-10-07 13:20:43,"Legs",1h 2min,"Leg Press",2,155.0,10,0,0,,,
2023-10-07 13:20:43,"Legs",1h 2min,"Leg Press",3,195.0,10,0,0,,,
2023-10-07 13:20:43,"Legs",1h 2min,"Leg Press",4,235.0,1,0,0,,,
2023-10-07 13:20:43,"Legs",1h 2min,"Seated Leg Curl (Machine)",1,39.0,10,0,0,"",,
2023-10-07 13:20:43,"Legs",1h 2min,"Seated Leg Curl (Machine)",2,45.0,10,0,0,,,
2023-10-07 13:20:43,"Legs",1h 2min,"Seated Leg Curl (Machine)",3,52.0,7,0,0,,,
2023-10-07 13:20:43,"Legs",1h 2min,"Hip Abductor (Machine)",1,39.0,20,0,0,"",,
2023-10-07 13:20:43,"Legs",1h 2min,"Hip Abductor (Machine)",2,45.0,12,0,0,,,
2023-10-07 13:20:43,"Legs",1h 2min,"Hip Adductor (Machine)",1,39.0,12,0,0,"",,
2023-10-07 13:20:43,"Legs",1h 2min,"Hip Adductor (Machine)",2,45.0,12,0,0,,,
2023-10-07 13:20:43,"Legs",1h 2min,"Hip Adductor (Machine)",3,52.0,8,0,0,,,
2023-10-07 13:20:43,"Legs",1h 2min,"Leg Extension (Machine)",1,45.0,10,0,0,"",,
2023-10-07 13:20:43,"Legs",1h 2min,"Leg Extension (Machine)",2,52.0,10,0,0,,,
2023-10-07 13:20:43,"Legs",1h 2min,"Leg Extension (Machine)",3,59.0,10,0,0,,,
2023-10-07 13:20:43,"Legs",1h 2min,"Bulgarian Split Squat",1,16.0,20,0,0,"",,
2023-10-07 13:20:43,"Legs",1h 2min,"Bulgarian Split Squat",2,20.0,20,0,0,,,
2023-10-07 13:20:43,"Legs",1h 2min,"Bulgarian Split Squat",3,24.0,20,0,0,,,
2023-10-07 13:20:43,"Legs",1h 2min,"Standing Calf Raise (Dumbbell)",1,32.0,10,0,0,"",,
2023-10-07 13:20:43,"Legs",1h 2min,"Standing Calf Raise (Dumbbell)",2,32.0,6,0,0,,,
2023-10-07 13:20:43,"Legs",1h 2min,"Standing Calf Raise (Dumbbell)",3,32.0,8,0,0,,,
2023-10-09 12:10:35,"Push",1h 14min,"Aerobics",1,0,0,0,300,"","",
2023-10-09 12:10:35,"Push",1h 14min,"Bench Press (Barbell)",1,40.0,8,0,0,"",,
2023-10-09 12:10:35,"Push",1h 14min,"Bench Press (Barbell)",2,50.0,8,0,0,,,
2023-10-09 12:10:35,"Push",1h 14min,"Bench Press (Barbell)",3,55.0,5,0,0,,,
2023-10-09 12:10:35,"Push",1h 14min,"Bench Press (Barbell)",4,60.0,1,0,0,,,
2023-10-09 12:10:35,"Push",1h 14min,"Bench Press (Barbell)",5,50.0,3,0,0,,,
2023-10-09 12:10:35,"Push",1h 14min,"Chest Fly",1,59.0,10,0,0,"",,
2023-10-09 12:10:35,"Push",1h 14min,"Chest Fly",2,66.0,7,0,0,,,
2023-10-09 12:10:35,"Push",1h 14min,"Chest Fly",3,59.0,6,0,0,,,
2023-10-09 12:10:35,"Push",1h 14min,"Lateral Raise (Dumbbell)",1,9.0,12,0,0,"",,
2023-10-09 12:10:35,"Push",1h 14min,"Lateral Raise (Dumbbell)",2,10.0,8,0,0,,,
2023-10-09 12:10:35,"Push",1h 14min,"Lateral Raise (Dumbbell)",3,6.0,10,0,0,,,
2023-10-09 12:10:35,"Push",1h 14min,"Shoulder Press (Machine)",1,18.0,10,0,0,"",,
2023-10-09 12:10:35,"Push",1h 14min,"Shoulder Press (Machine)",2,23.0,8,0,0,,,
2023-10-09 12:10:35,"Push",1h 14min,"Shoulder Press (Machine)",3,27.0,5,0,0,,,
2023-10-09 12:10:35,"Push",1h 14min,"Chest Dip (Assisted)",1,14.0,10,0,0,"",,
2023-10-09 12:10:35,"Push",1h 14min,"Chest Dip (Assisted)",2,9.0,10,0,0,,,
2023-10-09 12:10:35,"Push",1h 14min,"Chest Dip (Assisted)",3,4.5,10,0,0,,,
2023-10-09 12:10:35,"Push",1h 14min,"Cable Crossover",1,16.0,10,0,0,"",,
2023-10-09 12:10:35,"Push",1h 14min,"Cable Crossover",2,28.0,10,0,0,,,
2023-10-09 12:10:35,"Push",1h 14min,"Cable Crossover",3,28.0,7,0,0,,,
2023-10-09 12:10:35,"Push",1h 14min,"Cable Crossover",4,16.0,10,0,0,,,
2023-10-09 12:10:35,"Push",1h 14min,"Triceps Pushdown (Cable - Straight Bar)",1,14.0,10,0,0,"",,
2023-10-09 12:10:35,"Push",1h 14min,"Triceps Pushdown (Cable - Straight Bar)",2,14.0,10,0,0,,,
2023-10-09 12:10:35,"Push",1h 14min,"Triceps Pushdown (Cable - Straight Bar)",3,14.0,10,0,0,,,
2023-10-11 12:21:09,"Pull",1h 4min,"Aerobics",1,0,0,0,300,"","",
2023-10-11 12:21:09,"Pull",1h 4min,"Lat Pulldown (Cable)",1,39.0,10,0,0,"",,
2023-10-11 12:21:09,"Pull",1h 4min,"Lat Pulldown (Cable)",2,45.0,10,0,0,,,
2023-10-11 12:21:09,"Pull",1h 4min,"Lat Pulldown (Cable)",3,52.0,7,0,0,,,
2023-10-11 12:21:09,"Pull",1h 4min,"Hammer Curl (Dumbbell)",1,10.0,20,0,0,"",,
2023-10-11 12:21:09,"Pull",1h 4min,"Hammer Curl (Dumbbell)",2,12.0,16,0,0,,,
2023-10-11 12:21:09,"Pull",1h 4min,"Hammer Curl (Dumbbell)",3,12.0,14,0,0,,,
2023-10-11 12:21:09,"Pull",1h 4min,"Bicep Curl (Dumbbell)",1,10.0,20,0,0,"",,
2023-10-11 12:21:09,"Pull",1h 4min,"Bicep Curl (Dumbbell)",2,12.0,12,0,0,,,
2023-10-11 12:21:09,"Pull",1h 4min,"Bicep Curl (Dumbbell)",3,12.0,10,0,0,,,
2023-10-11 12:21:09,"Pull",1h 4min,"Iso-Lateral Row (Machine)",1,36.0,10,0,0,"",,
2023-10-11 12:21:09,"Pull",1h 4min,"Iso-Lateral Row (Machine)",2,41.0,9,0,0,,,
2023-10-11 12:21:09,"Pull",1h 4min,"Iso-Lateral Row (Machine)",3,45.0,6,0,0,,,
2023-10-11 12:21:09,"Pull",1h 4min,"Preacher Curl (Barbell)",1,20.0,10,0,0,"",,
2023-10-11 12:21:09,"Pull",1h 4min,"Preacher Curl (Barbell)",2,25.0,9,0,0,,,
2023-10-11 12:21:09,"Pull",1h 4min,"Preacher Curl (Barbell)",3,30.0,4,0,0,,,
2023-10-11 12:21:09,"Pull",1h 4min,"Chin Up (Assisted)",1,18.0,9,0,0,"",,
2023-10-11 12:21:09,"Pull",1h 4min,"Chin Up (Assisted)",2,18.0,7,0,0,,,
2023-10-11 12:21:09,"Pull",1h 4min,"Pull Up (Assisted)",1,18.0,7,0,0,"",,
2023-10-11 12:21:09,"Pull",1h 4min,"Reverse Fly (Machine)",1,32.0,10,0,0,"",,
2023-10-11 12:21:09,"Pull",1h 4min,"Reverse Fly (Machine)",2,32.0,10,0,0,,,
2023-10-11 12:21:09,"Pull",1h 4min,"Reverse Fly (Machine)",3,32.0,10,0,0,,,
2023-10-14 13:45:34,"Legs",33min,"Aerobics",1,0,0,0,300,"","",
2023-10-14 13:45:34,"Legs",33min,"Leg Press",1,115.0,10,0,0,"",,
2023-10-14 13:45:34,"Legs",33min,"Leg Press",2,155.0,10,0,0,,,
2023-10-14 13:45:34,"Legs",33min,"Leg Press",3,195.0,10,0,0,,,
2023-10-14 13:45:34,"Legs",33min,"Leg Press",4,235.0,5,0,0,,,
2023-10-14 13:45:34,"Legs",33min,"Hip Abductor (Machine)",1,39.0,20,0,0,"",,
2023-10-14 13:45:34,"Legs",33min,"Hip Abductor (Machine)",2,45.0,16,0,0,,,
2023-10-14 13:45:34,"Legs",33min,"Hip Abductor (Machine)",3,45.0,16,0,0,,,
2023-10-14 13:45:34,"Legs",33min,"Hip Adductor (Machine)",1,39.0,12,0,0,"",,
2023-10-14 13:45:34,"Legs",33min,"Hip Adductor (Machine)",2,45.0,12,0,0,,,
2023-10-14 13:45:34,"Legs",33min,"Hip Adductor (Machine)",3,52.0,8,0,0,,,
2023-10-14 13:45:34,"Legs",33min,"Bulgarian Split Squat",1,16.0,20,0,0,"",,
